Year,Life expectancy 
2000,70.2
2001,70.25757575757575
2002,68.58395061728395
2003,68.34421052631579
2004,68.43398058252427
2005,68.47272727272727
2006,68.90438596491228
2007,68.67416666666666
2008,68.66666666666667
2009,68.77936507936508
2010,69.12734375
2011,69.86307692307693
2012,70.24496124031008
2013,70.3876923076923
2014,70.51984732824428
2015,71.4
