,Year,Life expectancy ,Alcohol
Year,1.0,0.11894000976687076,-0.31509101567188547
Life expectancy ,0.11894000976687076,1.0,-0.17645867538476787
Alcohol,-0.31509101567188547,-0.17645867538476787,1.0
